Date,Actual,Forecast
2017-11-09,-0.17809183680101548,
2017-11-10,-0.17809183680101548,
2017-11-11,0.03267406693070152,
2017-11-12,-0.13572020618210945,
2017-11-13,0.16666670405116357,
2017-11-14,-0.02229560051030477,
2017-11-15,0.13091207172756691,
2017-11-16,0.038088156049049804,
2017-11-17,-0.05539568688767316,
2017-11-18,0.04569687116751542,
2017-11-19,0.0021850130320721917,
2017-11-20,0.013081410351318823,
2017-11-21,-0.0035868278320134728,
2017-11-22,0.3124550399244215,
2017-11-23,0.03730111611192499,
2017-11-24,0.00898995947072212,
2017-11-25,0.08595386280136874,
2017-11-26,-0.022200717100422374,
2017-11-27,-0.018756197133310115,
2017-11-28,0.18863182132004908,
2017-11-29,-0.1197630349685408,
2017-11-30,-0.00048077289027448344,
2017-12-01,0.03318906195456561,
2017-12-02,0.0004655528806287723,
2017-12-03,0.034434556876927536,
2017-12-04,0.10796220078695296,
2017-12-05,0.006496192656352928,
2017-12-06,0.07422347834515364,
2017-12-07,0.02140441904339574,
2017-12-08,0.021691170522681658,
2017-12-09,-0.05829437602140941,
2017-12-10,-0.02674812269721638,
2017-12-11,0.0985472355498287,
2017-12-12,0.18084351267063092,
2017-12-13,0.047518169105515984,
2017-12-14,0.07165559740063854,
2017-12-15,0.014289548911194938,
2017-12-16,0.5770865930087556,
2017-12-17,0.008596015075716057,
2017-12-18,0.0750334110421178,
2017-12-19,-0.11922898128827697,
2017-12-20,0.1756089635115825,
2017-12-21,0.11469745404714593,
2017-12-22,-0.1846464605414615,
2017-12-23,0.19904197151174396,
2017-12-24,0.18225645125946022,
2017-12-25,0.04066652399843207,
2017-12-26,0.05374537467094509,
2017-12-27,-0.05727342071991404,
2017-12-28,-0.04350763055758533,
2017-12-29,0.10664620376297784,
2017-12-30,-0.1630283664149058,
2017-12-31,0.141475833424076,
2018-01-01,-0.007021873000490397,
2018-01-02,0.02649005860986753,
2018-01-03,0.01913615834174265,
2018-01-04,0.03476391272988022,
2018-01-05,0.2616134787216351,
2018-01-06,0.2215829697256253,
2018-01-07,0.14970056128115594,
2018-01-08,-0.11955755636823429,
2018-01-09,-0.10800933687233838,
2018-01-10,-0.02369598354987279,
2018-01-11,-0.1246374349462066,
2018-01-12,0.13837298295661005,
2018-01-13,-0.0025275393217366604,
2018-01-14,-0.10281813930005279,
2018-01-15,-0.15636766327379026,
2018-01-16,-0.30790302377966927,
2018-01-17,0.12107890078540584,
2018-01-18,0.041971802772231115,
2018-01-19,-0.012297688031845166,
2018-01-20,0.07330707187500507,
2018-01-21,-0.15589488710745525,
2018-01-22,-0.05567241528601896,
2018-01-23,-0.009058543387440388,
2018-01-24,0.06144168124315175,
2018-01-25,0.08245090751354289,
2018-01-26,-0.0560845204092596,
2018-01-27,0.018792331857634625,
2018-01-28,0.012477928772960167,
2018-01-29,-0.06671126784944015,
2018-01-30,-0.13535243313195677,
2018-01-31,-0.0023239776689740754,
2018-02-01,-0.16322799186789605,
2018-02-02,-0.11016107399329333,
2018-02-03,0.15396656541438292,
2018-02-04,-0.1481409709235838,
2018-02-05,-0.19686298433297011,
2018-02-06,0.23436174449402958,
2018-02-07,-0.014675538398851273,
2018-02-08,0.06260180583820274,
2018-02-09,0.09505038545048095,
2018-02-10,-0.0021999702349299044,
2018-02-11,-0.006614555662624144,
2018-02-12,0.10411626348348269,
2018-02-13,0.030336231774046096,
2018-02-14,0.193685689208015,
2018-02-15,0.09167902029847297,
2018-02-16,-0.04260239953422462,
2018-02-17,0.0021324824235042783,
2018-02-18,-0.08866504175163159,
2018-02-19,0.04249688393298223,
2018-02-20,0.05928027413730974,
2018-02-21,-0.07231462476424011,
2018-02-22,-0.04892875262071561,
2018-02-23,0.06215049363519354,
2018-02-24,-0.04873641392189987,
2018-02-25,-0.02877925100549039,
2018-02-26,0.03207422073572519,
2018-02-27,-0.0075721563790343005,
2018-02-28,-0.04339532280963032,
2018-03-01,0.03273510535837776,
2018-03-02,-0.11794050189969574,
2018-03-03,-0.03301710213756548,
2018-03-04,0.037917354741746845,
2018-03-05,-0.051617563606310535,
2018-03-06,-0.11651973081244416,
2018-03-07,-0.1271150213638521,
2018-03-08,0.00024856870482969917,
2018-03-09,0.03006205037656673,
2018-03-10,-0.04172689133345475,
2018-03-11,0.05965257895818232,
2018-03-12,-0.04228027589270367,
2018-03-13,-0.01785716348060562,
2018-03-14,-0.11010096971614058,
2018-03-15,0.0034051811424360423,
2018-03-16,-0.007352931493268877,
2018-03-17,-0.060113954349936494,
2018-03-18,-0.03304028478314458,
2018-03-19,0.07836984395092128,
2018-03-20,0.06133727232258801,
2018-03-21,0.0021911333552622203,
2018-03-22,-0.03580208694910714,
2018-03-23,0.009070297627905788,
2018-03-24,0.008426964822429994,
2018-03-25,-0.02367693017409178,
2018-03-26,-0.061626253997313696,
2018-03-27,-0.043782285431406054,
2018-03-28,-0.0012718697936994205,
2018-03-29,-0.09996811087393997,
2018-03-30,-0.022638846576636062,
2018-03-31,0.020267810005818676,
2018-04-01,-0.035473593957735194,
2018-04-02,0.02868706465207782,
2018-04-03,0.06542723963591524,
2018-04-04,-0.07046986394174604,
2018-04-05,-0.02021659302521739,
2018-04-06,-0.01621218507274158,
2018-04-07,0.04943814130343127,
2018-04-08,0.014632434190441579,
2018-04-09,-0.028139258112956367,
2018-04-10,0.10133905002909338,
2018-04-11,0.11600398941511925,
2018-04-12,0.11837456787325173,
2018-04-13,0.05186937011771375,
2018-04-14,0.03879850293681342,
2018-04-15,0.10144582782628064,
2018-04-16,0.00306281038142453,
2018-04-17,0.03467820572234226,
2018-04-18,0.14080954001025936,
2018-04-19,0.07612709902495074,
2018-04-20,0.011847497530372175,
2018-04-21,-0.08145255979772936,
2018-04-22,0.02327730056504773,
2018-04-23,-0.010290702444877287,
2018-04-24,0.05800804501675727,
2018-04-25,-0.12189655816089484,
2018-04-26,0.10484977143006557,
2018-04-27,-0.036431480260081806,
2018-04-28,-0.01198815904557815,
2018-04-29,0.019040478717532228,
2018-04-30,-0.04561271396087374,
2018-05-01,-0.012667953119260278,
2018-05-02,0.025077724878913576,
2018-05-03,0.06978949689592984,
2018-05-04,-0.06594576255236217,
2018-05-05,-0.01689124727322122,
2018-05-06,-0.04054049073329524,
2018-05-07,-0.03078470764623309,
2018-05-08,0.10089266406101283,
2018-05-09,-0.03960026364348912,
2018-05-10,-0.043785602334212914,
2018-05-11,-0.10431205235677687,
2018-05-12,0.025446968632663935,
2018-05-13,-0.03219309297173112,
2018-05-14,0.030260990826935563,
2018-05-15,0.012331880351776903,
2018-05-16,-0.028792924506458317,
2018-05-17,-0.04492585313181363,
2018-05-18,-0.04083097630308985,
2018-05-19,0.06696538387437134,
2018-05-20,0.03196450717966903,
2018-05-21,-0.03436576152414317,
2018-05-22,-0.09833766231500707,
2018-05-23,-0.06751490137285432,
2018-05-24,-0.02561960440447353,
2018-05-25,0.004286905103249694,
2018-05-26,-0.014513353142269536,
2018-05-27,-0.011261929964973882,
2018-05-28,-0.05782713521476446,
2018-05-29,0.06540614297620806,
2018-05-30,-0.024149014859499163,
2018-05-31,0.013118695037666717,
2018-06-01,0.007357256419098901,
2018-06-02,0.03943911689506363,
2018-06-03,0.03709944852250713,
2018-06-04,-0.042818439606853165,
2018-06-05,0.034541336801270806,
2018-06-06,0.03639849086996727,
2018-06-07,-0.01452335718059361,
2018-06-08,-0.019560581447739978,
2018-06-09,-0.0180377256918981,
2018-06-10,-0.11438905736116489,
2018-06-11,0.01634190133512492,
2018-06-12,-0.04483609845525438,
2018-06-13,-0.08805437850499065,
2018-06-14,0.04508343428584505,
2018-06-15,-0.01460601006739437,
2018-06-16,-0.0020682680963426403,
2018-06-17,-0.007599286790258564,
2018-06-18,0.0536025092222574,
2018-06-19,0.0019821756489144526,
2018-06-20,-0.00395650880242604,
2018-06-21,-0.01092354152909547,
2018-06-22,-0.10709500752803514,
2018-06-23,-0.010119929595784893,
2018-06-24,-0.049602446758175045,
2018-06-25,-0.009960142362487101,
2018-06-26,-0.0028169227866144952,
2018-06-27,-0.016545633255657388,
2018-06-28,-0.03282721089995211,
2018-06-29,0.02969879795377728,
2018-06-30,0.029666191667867325,
2018-07-01,-0.004001538042562314,
2018-07-02,0.08597830119509742,
2018-07-03,-0.02404736479736891,
2018-07-04,0.015921096715269867,
2018-07-05,-0.030223851032864513,
2018-07-06,-0.0007695326007693959,
2018-07-07,0.018482826386516882,
2018-07-08,-0.012854364734104728,
2018-07-09,-0.003063983392425307,
2018-07-10,-0.0737610690710031,
2018-07-11,0.005806763503356738,
2018-07-12,-0.04907215311019486,
2018-07-13,0.011274919364976155,
2018-07-14,0.012864491770255615,
2018-07-15,0.007620619725762667,
2018-07-16,0.19915971615009243,
2018-07-17,0.13104408224713704,
2018-07-18,0.14993810657325368,
2018-07-19,0.03556030109668118,
2018-07-20,-0.11290323948352299,
2018-07-21,-0.04105569104342133,
2018-07-22,0.05749236554012471,
2018-07-23,-0.0078079735674603246,
2018-07-24,0.055085992274854334,
2018-07-25,-0.021270751030597168,
2018-07-26,-0.04233699669759006,
2018-07-27,0.007368098317800387,
2018-07-28,-0.005266209624693041,
2018-07-29,-0.027352943653820794,
2018-07-30,-0.01028122942182319,
2018-07-31,-0.10021385135317784,
2018-08-01,0.0730050940497422,
2018-08-02,-0.06772151716864383,
2018-08-03,-0.009504405841662233,
2018-08-04,-0.05928723345260778,
2018-08-05,0.033515484086300784,
2018-08-06,-0.020444123024530025,
2018-08-07,-0.03886286149282736,
2018-08-08,-0.09584428259136402,
2018-08-09,0.05797097397252271,
2018-08-10,-0.0637964190736694,
2018-08-11,0.005016663159282064,
2018-08-12,0.0,
2018-08-13,-0.030365998356819968,
2018-08-14,-0.0304590619112749,
2018-08-15,0.019026590702062585,
2018-08-16,-0.004776414853037703,
2018-08-17,0.0711169623524428,
2018-08-18,-0.02484724935023186,
2018-08-19,0.032999123140758924,
2018-08-20,-0.042054129312239175,
2018-08-21,0.023216526198409415,
2018-08-22,-0.044967049758231736,
2018-08-23,0.030237610970457185,
2018-08-24,0.017190808959088866,
2018-08-25,-0.023083343674430212,
2018-08-26,0.0143460032505911,
2018-08-27,0.02412644680182785,
2018-08-28,0.05889528001574407,
2018-08-29,-0.0003835855739672267,
2018-08-30,0.23023787411152918,
2018-08-31,0.49532134587152266,
2018-09-01,0.3095535256454154,
2018-09-02,-0.20372726340838254,
2018-09-03,0.05341066844050801,
2018-09-04,0.0005696524845717477,
2018-09-05,-0.0641487549680334,
2018-09-06,0.016021071196597347,
2018-09-07,0.05928147068662182,
2018-09-08,0.0725456746411417,
2018-09-09,0.024068847186442976,
2018-09-10,0.18236403513046584,
2018-09-11,-0.0816888964982635,
2018-09-12,0.019908362802896873,
2018-09-13,0.015336956618186681,
2018-09-14,-0.05706439568334687,
2018-09-15,-0.002427165262813391,
2018-09-16,0.05936739405752767,
2018-09-17,-0.04409743136932798,
2018-09-18,-0.04196695095153635,
2018-09-19,-0.06219696202925862,
2018-09-20,0.015332451767653188,
2018-09-21,-0.0019314927596821851,
2018-09-22,0.01301901797080629,
2018-09-23,0.024834998771957828,
2018-09-24,-0.037959641267990674,
2018-09-25,0.0015853153876976833,
2018-09-26,0.0015828061407670013,
2018-09-27,0.032309044728750846,
2018-09-28,-0.008164637051906953,
2018-09-29,0.005830948260007185,
2018-09-30,0.006990556246482704,
2018-10-01,0.006095542724069647,
2018-10-02,-0.01985862768006008,
2018-10-03,-0.0206043921996939,
2018-10-04,-0.010343656226378672,
2018-10-05,0.004251582485361061,
2018-10-06,-0.02187334818181408,
2018-10-07,0.003065806378795388,
2018-10-08,0.00287668498725413,
2018-10-09,0.01021866879311406,
2018-10-10,-0.014729358643491897,
2018-10-11,-0.09942363511210306,
2018-10-12,0.04940005129724856,
2018-10-13,-0.012388080881822416,
2018-10-14,-0.004631361955957147,
2018-10-15,0.011632413599656388,
2018-10-16,-0.03852057503545114,
2018-10-17,-0.08331671141204344,
2018-10-18,-0.0463144158471861,
2018-10-19,0.019151887016511493,
2018-10-20,0.01812078691131358,
2018-10-21,-0.007470840148741442,
2018-10-22,-0.03342926278511826,
2018-10-23,-0.044434281287136335,
2018-10-24,-0.06255989584902932,
2018-10-25,-0.049603759294919114,
2018-10-26,0.07183217050595037,
2018-10-27,0.0529618406711414,
2018-10-28,-0.03146604824184285,
2018-10-29,-0.05316269171709709,
2018-10-30,0.0007798343846017186,
2018-10-31,-0.022337651122207425,
2018-11-01,0.003453737002943935,
2018-11-02,-0.001058988018252438,
2018-11-03,-0.010601662014579238,
2018-11-04,-0.015269211911623115,
2018-11-05,-0.014689865279985836,
2018-11-06,0.020430663396324045,
2018-11-07,-0.015963199151024843,
2018-11-08,-0.0695628443006362,
2018-11-09,-0.07210401915651321,
2018-11-10,0.046178400033753064,
2018-11-11,-0.037442922827523595,
2018-11-12,-0.0309930565368306,
2018-11-13,-0.038838111275416476,
2018-11-14,-0.084889655275464,
2018-11-15,0.038960989593291195,
2018-11-16,-0.019285695516712775,
2018-11-17,-0.05498907069538872,
2018-11-18,0.018497161170846654,
2018-11-19,-0.08513056178252953,
2018-11-20,-0.06782468295601707,
2018-11-21,0.08606924842183372,
2018-11-22,-0.01470589913715703,
2018-11-23,-0.02114424679044591,
2018-11-24,-0.05802630621341254,
2018-11-25,-0.0017985748963542658,
2018-11-26,-0.0545045022841002,
2018-11-27,-0.005716940931340342,
2018-11-28,0.07618593294633835,
2018-11-29,-0.0022261967219810996,
2018-11-30,-0.03391348092503066,
2018-12-01,0.03926094712711725,
2018-12-02,-0.0017776879108943877,
2018-12-03,0.0556543997266572,
2018-12-04,-0.07380849575587323,
2018-12-05,-0.007285924093815899,
2018-12-06,-0.038073469600489296,
2018-12-07,0.0033381276240636026,
2018-12-08,0.007604620803086437,
2018-12-09,-0.008490630379060393,
2018-12-10,-0.0009514820579172856,
2018-12-11,-0.005714218557689499,
2018-12-12,0.011015297686457481,
2018-12-13,-0.021790676097833472,
2018-12-14,0.0024213260703698225,
2018-12-15,0.020772993264108086,
2018-12-16,0.005679172379079667,
2018-12-17,0.1919999176053484,
2018-12-18,0.05961310219767135,
2018-12-19,0.013412832334521063,
2018-12-20,0.004044148456585406,
2018-12-21,-0.06810692578644917,
2018-12-22,-0.016895911073150693,
2018-12-23,0.01598723916825673,
2018-12-24,-0.0007867880426902785,
2018-12-25,-0.053543347794805074,
2018-12-26,0.029118165526903717,
2018-12-27,-0.044462371546702295,
2018-12-28,0.029610758193663766,
2018-12-29,-0.012736238455320681,
2018-12-30,-0.01498119429819722,
2018-12-31,-0.008872057058161853,
2019-01-01,0.019607893733153636,
2019-01-02,0.006270853283408373,
2019-01-03,-0.019526337141489658,
2019-01-04,-0.01906784280340723,
2019-01-05,0.0017278749782885239,
2019-01-06,0.0038810127962478624,
2019-01-07,-0.01847083076132816,
2019-01-08,-0.003938659058487892,
2019-01-09,-0.004393706371109474,
2019-01-10,-0.05913507835069598,
2019-01-11,-0.00140714021275834,
2019-01-12,0.008924445960924121,
2019-01-13,-0.02513963876565073,
2019-01-14,0.042502375561812356,
2019-01-15,-0.032982171124863124,
2019-01-16,0.012790133892509159,
2019-01-17,-0.020579920371483595,
2019-01-18,0.0057305911652005825,
2019-01-19,0.022317248671422485,
2019-01-20,-0.015791929655517678,
2019-01-21,-0.008494637313817943,
2019-01-22,-0.02094234687533736,
2019-01-23,-0.006806079811218169,
2019-01-24,-0.0019579199915027434,
2019-01-25,0.03874455063227389,
2019-01-26,-0.016525039022216803,
2019-01-27,-0.026884282277474858,
2019-01-28,-0.04094723589143412,
2019-01-29,-0.008744862590098323,
2019-01-30,0.017644019708080938,
2019-01-31,-0.018358001389385037,
2019-02-01,-0.004675299825395163,
2019-02-02,0.010438371121223478,
2019-02-03,-0.016528931583327133,
2019-02-04,-0.0042016516424251416,
2019-02-05,-0.004219380007363105,
2019-02-06,-0.011652569088144382,
2019-02-07,-0.01125404256258944,
2019-02-08,0.06016261927286304,
2019-02-09,-0.003578699852731071,
2019-02-10,-0.0015392625743626542,
2019-02-11,-0.020555021104613935,
2019-02-12,-0.006295894649628653,
2019-02-13,-0.000527987128669527,
2019-02-14,0.0021130641853701615,
2019-02-15,0.0057986121722681805,
2019-02-16,0.008385747176791192,
2019-02-17,0.035343062766132194,
2019-02-18,0.06124497768998571,
2019-02-19,-0.022232792973140403,
2019-02-20,0.005805559707658503,
2019-02-21,-0.02453098736207804,
2019-02-22,0.013806695924338808,
2019-02-23,0.013132282115085214,
2019-02-24,-0.052328434947756186,
2019-02-25,0.028368893871564493,
2019-02-26,-0.0034483019650446423,
2019-02-27,-0.001977276512222348,
2019-02-28,-0.021297718893958706,
2019-03-01,0.0091093815082266,
2019-03-02,0.004513458112962665,
2019-03-03,-0.001996903573119435,
2019-03-04,-0.00850431650989325,
2019-03-05,0.0015136341610255677,
2019-03-06,-0.001007564356853674,
2019-03-07,0.0040343222667349465,
2019-03-08,-0.0055249038740399214,
2019-03-09,0.00909097857664043,
2019-03-10,0.0005005042915766644,
2019-03-11,-0.016508262633886384,
2019-03-12,0.023397702437710777,
2019-03-13,0.006461281952592879,
2019-03-14,0.006913517732898722,
2019-03-15,0.004413962165647156,
2019-03-16,0.01416015042132912,
2019-03-17,0.0019258692783157283,
2019-03-18,0.0009610837175524356,
2019-03-19,0.003840643690093959,
2019-03-20,-0.014347199579724523,
2019-03-21,-0.0033964352172769496,
2019-03-22,-0.0009737172295692931,
2019-03-23,0.005847884208284526,
2019-03-24,-0.00484488559937879,
2019-03-25,-0.005355444762631167,
2019-03-26,0.0053842799766326,
2019-03-27,0.015092503703582727,
2019-03-28,-0.005275819438220419,
2019-03-29,0.006268128852118027,
2019-03-30,-0.0033541222346341604,
2019-03-31,0.0,
2019-04-01,0.18317312794088614,
2019-04-02,0.1357171746414234,
2019-04-03,0.1320214680675491,
2019-04-04,0.16845760079804095,
2019-04-05,-0.02894235435677972,
2019-04-06,-0.04206127622449618,
2019-04-07,-0.006106472590133527,
2019-04-08,-0.10912816026050876,
2019-04-09,-0.05287350872732621,
2019-04-10,0.047503424241156944,
2019-04-11,-0.07679573237839632,
2019-04-12,0.024022962827908056,
2019-04-13,0.005602201847367594,
2019-04-14,0.0034819206841978367,
2019-04-15,-0.03192227625314914,
2019-04-16,0.016128987840148712,
2019-04-17,-0.008818327377467794,
2019-04-18,0.04839861401965284,
2019-04-19,-0.017990553051006053,
2019-04-20,0.003110981268922952,
2019-04-21,-0.04893174299251568,
2019-04-22,0.01376805175588891,
2019-04-23,-0.009292339605226352,
2019-04-24,-0.062409785472425705,
2019-04-25,-0.03578299718166522,
2019-04-26,0.00518758940195041,
2019-04-27,-0.0011909578156918954,
2019-04-28,0.005961796897281824,
2019-04-29,-0.025681560898139444,
2019-04-30,0.019059256533774827,
2019-05-01,0.003183470266100441,
2019-05-02,0.03570011229621883,
2019-05-03,0.04212941495395106,
2019-05-04,-0.015068018892739232,
2019-05-05,-0.0100746170109548,
2019-05-06,-0.041839395472290764,
2019-05-07,-0.0023603641280707244,
2019-05-08,0.0003943247713902309,
2019-05-09,-0.014584173830239355,
2019-05-10,0.008800067204238537,
2019-05-11,0.09199044157317426,
2019-05-12,-0.032316622619911195,
2019-05-13,0.03414633890635832,
2019-05-14,0.11320756310969138,
2019-05-15,0.07822684443149264,
2019-05-16,-0.04232168466904551,
2019-05-17,-0.0650252350795828,
2019-05-18,0.014517250180459573,
2019-05-19,0.05757068773056906,
2019-05-20,-0.043108835651895716,
2019-05-21,0.014797722930165458,
2019-05-22,-0.047634464035700486,
2019-05-23,0.007485517007212783,
2019-05-24,0.011482616176673899,
2019-05-25,-0.0013355694403986984,
2019-05-26,0.033767994652446065,
2019-05-27,0.0158473179182681,
2019-05-28,0.0022286066364369805,
2019-05-29,-0.006670879017780074,
2019-05-30,0.041893134236207885,
2019-05-31,0.05616942982146145,
2019-06-01,-0.006393471485383717,
2019-06-02,-0.0061421255742367675,
2019-06-03,-0.05885818839260448,
2019-06-04,-0.04878042387846504,
2019-06-05,0.009204463949559205,
2019-06-06,0.005537425439211763,
2019-06-07,0.007450580620948166,
2019-06-08,-0.008360117592204674,
2019-06-09,-0.023346330527864945,
2019-06-10,0.026228465773546317,
2019-06-11,-0.010676162480987905,
2019-06-12,0.002943122473639148,
2019-06-13,0.0022823020246851566,
2019-06-14,0.016265500867282734,
2019-06-15,0.010563386055113977,
2019-06-16,0.009185932043838552,
2019-06-17,0.0012555023229716689,
2019-06-18,-0.020376184243044215,
2019-06-19,0.0016000121593473526,
2019-06-20,0.009904154115136565,
2019-06-21,0.019614047679236135,
2019-06-22,0.01737510366489725,
2019-06-23,0.007624262614215782,
2019-06-24,0.019370466532286468,
2019-06-25,0.007125875793701608,
2019-06-26,-0.0038325763706136273,
2019-06-27,-0.014797252667216765,
2019-06-28,0.04836289072570277,
2019-06-29,-0.02435528594938463,
2019-06-30,-0.043171860328421796,
2019-07-01,-0.006138710897153343,
2019-07-02,-0.010500316960310396,
2019-07-03,0.03402001660480747,
2019-07-04,-0.02535471533344713,
2019-07-05,0.19758445951670578,
2019-07-06,-0.08275151263146852,
2019-07-07,0.024245829249607276,
2019-07-08,-0.020368804256654327,
2019-07-09,-0.0028097993502330665,
2019-07-10,-0.03522119468689522,
2019-07-11,-0.052862144130872535,
2019-07-12,0.029910588869115795,
2019-07-13,-0.02724550687404581,
2019-07-14,-0.07232999547309593,
2019-07-15,0.02587927367651721,
2019-07-16,-0.08635185484018537,
2019-07-17,0.07256634498676084,
2019-07-18,0.030033001246143387,
2019-07-19,-0.019865429707563664,
2019-07-20,0.019287343382574873,
2019-07-21,-0.013470201112509295,
2019-07-22,-0.025682674076676237,
2019-07-23,-0.0390390255078128,
2019-07-24,0.012152789286815402,
2019-07-25,0.0020582547846097476,
2019-07-26,0.0,
2019-07-27,-0.03355009194857894,
2019-07-28,0.012752322883556655,
2019-07-29,-0.006645649743703075,
2019-07-30,-0.00809857131344438,
2019-07-31,0.02910895457389051,
2019-08-01,0.02000689095189112,
2019-08-02,-0.01623263474689962,
2019-08-03,0.0010312900690407911,
2019-08-04,0.008928559292457061,
2019-08-05,0.050714761541956976,
2019-08-06,-0.044379617581511877,
2019-08-07,0.018983036828123856,
2019-08-08,-0.025948145843996295,
2019-08-09,-0.008196704364874852,
2019-08-10,-0.021349864522871576,
2019-08-11,0.019704419776120474,
2019-08-12,-0.006211147189060018,
2019-08-13,-0.019097205660436267,
2019-08-14,-0.036460206194811384,
2019-08-15,-0.030124880879583205,
2019-08-16,0.015530244435127294,
2019-08-17,-0.01305484321187489,
2019-08-18,0.029100575890693925,
2019-08-19,0.027175944721234302,
2019-08-20,-0.012155890140567394,
2019-08-21,-0.031849427761619475,
2019-08-22,0.009345778123460047,
2019-08-23,0.004814765118728026,
2019-08-24,-0.019166948586564314,
2019-08-25,0.0003758014326478154,
2019-08-26,0.006386136938179021,
2019-08-27,-0.02202313757858032,
2019-08-28,-0.036641234805800615,
2019-08-29,-0.029318489733450415,
2019-08-30,0.01306122875657989,
2019-08-31,0.011684120678315812,
2019-09-01,-0.007566671299789385,
2019-09-02,0.04173348946315247,
2019-09-03,-0.00038521094895982433,
2019-09-04,0.03660887322528317,
2019-09-05,-0.05910782413098348,
2019-09-06,-0.008692190891326557,
2019-09-07,0.0023914091896000134,
2019-09-08,-0.005566642655332021,
2019-09-09,-0.01599353846076501,
2019-09-10,-0.009752207089650189,
2019-09-11,-0.015592870242055024,
2019-09-12,0.010837834094731935,
2019-09-13,0.00041237426185491977,
2019-09-14,0.006182968218234386,
2019-09-15,0.007783754601648374,
2019-09-16,-0.002032535714894146,
2019-09-17,0.06232179090860379,
2019-09-18,0.042561315564522806,
2019-09-19,-0.003677850758211032,
2019-09-20,-0.013658109030064813,
2019-09-21,-0.0321856984653307,
2019-09-22,0.002320203371182661,
2019-09-23,-0.04089501466644452,
2019-09-24,-0.10378121262803697,
2019-09-25,-0.013913825699090165,
2019-09-26,-0.01911691161220863,
2019-09-27,0.03062635761596555,
2019-09-28,0.0058532640635060584,
2019-09-29,-0.0049239407743046915,
2019-09-30,0.07377421941508078,
2019-10-01,0.0004189390901578882,
2019-10-02,-0.015494157686404386,
2019-10-03,-0.011059109075661322,
2019-10-04,0.0150537778699531,
2019-10-05,-0.016101718576224888,
2019-10-06,0.01033589580738381,
2019-10-07,0.018755372299286144,
2019-10-08,-0.01841008431391722,
2019-10-09,0.01790285086541843,
2019-10-10,-0.023450569606319305,
2019-10-11,0.005574556523531005,
2019-10-12,-0.0021322124630821504,
2019-10-13,0.04572654756018846,
2019-10-14,0.040049059043548496,
2019-10-15,-0.013752468736654588,
2019-10-16,0.03864543399631626,
2019-10-17,0.05677021839817531,
2019-10-18,-0.017785810176685124,
2019-10-19,0.013673249997289583,
2019-10-20,-0.004739287816624804,
2019-10-21,0.016117167882233163,
2019-10-22,-0.07534245368084358,
2019-10-23,-0.027290474884653526,
2019-10-24,0.017234507499713336,
2019-10-25,0.057525590041747066,
2019-10-26,-0.02309985381288815,
2019-10-27,0.012204428506427778,
2019-10-28,-0.003014341016890909,
2019-10-29,0.0034013865830939682,
2019-10-30,-0.014689289913004666,
2019-10-31,-0.0003822659228664982,
2019-11-01,0.005736181589746314,
2019-11-02,-0.0011406930952169159,
2019-11-03,0.003806652539657618,
2019-11-04,-0.008722010547748904,
2019-11-05,0.0038254945980888966,
2019-11-06,0.0015244018763451717,
2019-11-07,0.036910213309372164,
2019-11-08,-0.026422048386735675,
2019-11-09,0.022615903676038718,
2019-11-10,0.02285293324565929,
2019-11-11,-0.02162161890044534,
2019-11-12,0.003683269364220587,
2019-11-13,-0.009908246784416597,
2019-11-14,-0.006671659264355312,
2019-11-15,-0.008582068286797306,
2019-11-16,0.004516406279574836,
2019-11-17,-0.007868175113763365,
2019-11-18,-0.027190276541793068,
2019-11-19,-0.01086955735786399,
2019-11-20,0.003139649860370186,
2019-11-21,-0.05086065358734104,
2019-11-22,-0.026380881936728606,
2019-11-23,0.06054188028779128,
2019-11-24,-0.055888184778861594,
2019-11-25,-0.033403861818512626,
2019-11-26,0.0021872433044638484,
2019-11-27,0.020951607608714395,
2019-11-28,-0.011115945573575092,
2019-11-29,0.06182454071310195,
2019-11-30,-0.055374633595109746,
2019-12-01,-0.01206895721174861,
2019-12-02,-0.02486909625241196,
2019-12-03,-0.008053752521550606,
2019-12-04,-0.00405946602069196,
2019-12-05,0.006793424390359126,
2019-12-06,0.0013495379835504195,
2019-12-07,0.0017969589137583064,
2019-12-08,0.003587471289005828,
2019-12-09,-0.013404823505948738,
2019-12-10,-0.0018116079570714705,
2019-12-11,-0.008620649584813567,
2019-12-12,0.0013729015406673817,
2019-12-13,-0.0059414381953794,
2019-12-14,-0.0022988680470080736,
2019-12-15,-0.0073732207634720215,
2019-12-16,-0.015320342090244021,
2019-12-17,-0.04856203756334232,
2019-12-18,0.08176416863307412,
2019-12-19,-0.027485107051963165,
2019-12-20,-0.02260957625921567,
2019-12-21,0.004337382492055397,
2019-12-22,0.01487524120986139,
2019-12-23,-0.0198581967833924,
2019-12-24,0.0,
2019-12-25,0.007235945278395439,
2019-12-26,-0.014367813528530449,
2019-12-27,-0.002429561661822399,
2019-12-28,0.0053579399671201955,
2019-12-29,0.0019379993619716984,
2019-12-30,-0.00676976516078831,
2019-12-31,-0.01265821062965955,
2020-01-01,0.002465501916490087,
2020-01-02,-0.011805303201484207,
2020-01-03,0.06769542505732984,
2020-01-04,0.044755259177407636,
2020-01-05,0.0794288054614316,
2020-01-06,0.01818928024242883,
2020-01-07,-0.012180266699336695,
2020-01-08,-0.05754209110252917,
2020-01-09,-0.016136087632864782,
2020-01-10,0.04432627004681167,
2020-01-11,-0.017826861955838713,
2020-01-12,0.02895421205137083,
2020-01-13,-0.009659782695959795,
2020-01-14,0.04749784572412641,
2020-01-15,-0.0408906234196148,
2020-01-16,-0.01013093356926309,
2020-01-17,0.06183376427688758,
2020-01-18,0.00682726744076767,
2020-01-19,-0.04068611020792878,
2020-01-20,-0.012889814660992815,
2020-01-21,0.0008424664278599003,
2020-01-22,-0.022306371818397563,
2020-01-23,-0.023676260565454688,
2020-01-24,0.0035273636570261058,
2020-01-25,-0.008348042105108089,
2020-01-26,0.02126722799794223,
2020-01-27,0.027331892241335698,
2020-01-28,0.034628345576114716,
2020-01-29,-0.02448979203947288,
2020-01-30,0.020920466222411616,
2020-01-31,-0.018852412087345893,
2020-02-01,0.011695897901528696,
2020-02-02,0.01899252009942698,
2020-02-03,-0.011345211155607049,
2020-02-04,0.025819678388353973,
2020-02-05,0.03156218015436396,
2020-02-06,0.027498001281560436,
2020-02-07,0.04372406873883894,
2020-02-08,0.14084513911147978,
2020-02-09,0.023108532981244823,
2020-02-10,-0.0761138662897961,
2020-02-11,0.018419352796291477,
2020-02-12,0.017099614761385773,
2020-02-13,-0.021661831146371324,
2020-02-14,0.03436883467185314,
2020-02-15,-0.06709264011197291,
2020-02-16,-0.050000059802388974,
2020-02-17,-0.022350399383460395,
2020-02-18,0.04682892295820951,
2020-02-19,-0.07573089468312888,
2020-02-20,0.013338427686829357,
2020-02-21,-0.0041369250838724225,
2020-02-22,-0.01774920463449059,
2020-02-23,0.0303728960425953,
2020-02-24,-0.033582085662218986,
2020-02-25,-0.04401542076049325,
2020-02-26,-0.05533113059495287,
2020-02-27,-0.006413045523216421,
2020-02-28,-0.015060255448477555,
2020-02-29,-0.023591064348328472,
2020-03-01,0.017897123650884472,
2020-03-02,0.03252741184136698,
2020-03-03,0.06385695218041088,
2020-03-04,-0.040416102563997414,
2020-03-05,0.04503748398439811,
2020-03-06,-0.0039904533861157,
2020-03-07,-0.03645833236165097,
2020-03-08,-0.09064450622282272,
2020-03-09,0.012345773644528046,
2020-03-10,-0.0031617222231686837,
2020-03-11,-0.010421360159248994,
2020-03-12,-0.29624547811248125,
2020-03-13,0.13077425129304698,
2020-03-14,-0.041426908926644024,
2020-03-15,0.011404578811670785,
2020-03-16,-0.05816026486039838,
2020-03-17,0.0,
2020-03-18,-0.013232468417116894,
2020-03-19,0.13218386959462336,
2020-03-20,0.0,
2020-03-21,0.006768175399610499,
2020-03-22,-0.030252070806865206,
2020-03-23,0.04274984419110761,
2020-03-24,0.02548476500745056,
2020-03-25,-0.009184231742841775,
2020-03-26,0.004362083389932936,
2020-03-27,-0.019001103480704273,
2020-03-28,-0.016048692656596364,
2020-03-29,-0.030933671815130848,
2020-03-30,0.06268137531158668,
2020-03-31,-0.010922949077991961,
2020-04-01,0.030922119887593302,
2020-04-02,0.008034278357200941,
2020-04-03,-0.015409132738641973,
2020-04-04,0.014570951116936737,
2020-04-05,-0.007978722251432702,
2020-04-06,0.06166216860334317,
2020-04-07,0.008585924211271578,
2020-04-08,0.007511207233256156,
2020-04-09,0.004473195197948865,
2020-04-10,-0.026224610256368353,
2020-04-11,0.011178828123669104,
2020-04-12,0.0,
2020-04-13,-0.015577890917089499,
2020-04-14,0.002552342027856147,
2020-04-15,-0.012219992706852922,
2020-04-16,0.04536087039776171,
2020-04-17,-0.00739650574947015,
2020-04-18,0.02384507381587464,
2020-04-19,-0.0014556150931186451,
2020-04-20,-0.036929110990861824,
2020-04-21,-0.0055498744511828235,
2020-04-22,0.02029418404204142,
2020-04-23,0.017901562535638016,
2020-04-24,0.02735708895950517,
2020-04-25,0.018544966761570247,
2020-04-26,0.12464983010537156,
2020-04-27,-0.022415918077632657,
2020-04-28,-0.006794008056434597,
2020-04-29,0.07610087628530926,
2020-04-30,-0.029400117460605002,
2020-05-01,0.020875940722060893,
2020-05-02,0.022053002488505946,
2020-05-03,-0.015300142347298151,
2020-05-04,-0.011553779982278911,
2020-05-05,0.0012091990344424985,
2020-05-06,0.018115892106432163,
2020-05-07,0.053380822561501784,
2020-05-08,-0.014639663556227589,
2020-05-09,-0.004571374744784307,
2020-05-10,-0.0589360896393486,
2020-05-11,-0.018706838393856784,
2020-05-12,0.02072105904461674,
2020-05-13,0.023548603847954208,
2020-05-14,0.021023377913488517,
2020-05-15,-0.02641804623795796,
2020-05-16,0.00279331737028099,
2020-05-17,0.009948251931090724,
2020-05-18,0.0019700701620191108,
2020-05-19,-0.001966196616731808,
2020-05-20,-0.011820329234272453,
2020-05-21,-0.009170630883778008,
2020-05-22,0.019315854576513303,
2020-05-23,0.004342709799440181,
2020-05-24,-0.03380501367468158,
2020-05-25,0.03336042428599706,
2020-05-26,-0.021259820938569707,
2020-05-27,0.009654042332281065,
2020-05-28,0.005577638908059512,
2020-05-29,0.0031695963755167256,
2020-05-30,0.032780385066212725,
2020-05-31,-0.022944548285827704,
2020-06-01,0.03600783003562813,
2020-06-02,-0.03248959562760401,
2020-06-03,0.008590459980084342,
2020-06-04,0.018583003399796016,
2020-06-05,-0.013302939391732327,
2020-06-06,-0.003466898540637975,
2020-06-07,0.007344470564517591,
2020-06-08,-0.008442120903071948,
2020-06-09,-0.005804907915206048,
2020-06-10,0.00583880162095074,
2020-06-11,-0.05108353205183369,
2020-06-12,0.027732484052240602,
2020-06-13,0.0051586768493727675,
2020-06-14,-0.00868532767995156,
2020-06-15,-0.012743930895198097,
2020-06-16,0.0032271322553183435,
2020-06-17,-0.0008041878433011629,
2020-06-18,-0.005231428032284047,
2020-06-19,-0.014967657543793034,
2020-06-20,0.004928169114416514,
2020-06-21,0.0,
2020-06-22,0.011033907924852926,
2020-06-23,0.004042067999159293,
2020-06-24,-0.021739108020574993,
2020-06-25,-0.005349834733367254,
2020-06-26,-0.023996680068155696,
2020-06-27,-0.01949983754165585,
2020-06-28,0.005620449396376737,
2020-06-29,-0.0055890364995564434,
2020-06-30,0.0030263958288181403,
2020-07-01,0.014655183833845564,
2020-07-02,0.002973684499443241,
2020-07-03,-0.01905976656978048,
2020-07-04,-0.003022475597015628,
2020-07-05,0.0,
2020-07-06,0.13295800104042743,
2020-07-07,0.18119271240056412,
2020-07-08,0.5372167726372605,
2020-07-09,-0.0743157205196937,
2020-07-10,-0.2005913485071622,
2020-07-11,0.08421050539816033,
2020-07-12,-0.047494092174299785,
2020-07-13,-0.12451789463880814,
2020-07-14,0.036500929051417996,
2020-07-15,-0.06344868416755833,
2020-07-16,-0.029173415736513886,
2020-07-17,0.022036740287016743,
2020-07-18,0.13459649597870826,
2020-07-19,-0.026202129854071554,
2020-07-20,-0.04228265186537483,
2020-07-21,0.020376670958830223,
2020-07-22,-0.00605141280999677,
2020-07-23,0.0030440922397725334,
2020-07-24,-0.022761721963179937,
2020-07-25,0.004347786789319796,
2020-07-26,0.0003092169546787815,
2020-07-27,-0.025347736349916494,
2020-07-28,0.013954921979212553,
2020-07-29,-0.0015639053500070554,
2020-07-30,0.0122179919145331,
2020-07-31,-0.0018569523368782148,
2020-08-01,0.14387590451994647,
2020-08-02,-0.09568986225438392,
2020-08-03,0.015887271443328688,
2020-08-04,0.043080539754888125,
2020-08-05,-0.006223461175472678,
2020-08-06,0.013378914146267684,
2020-08-07,-0.007584327201864971,
2020-08-08,-0.006510031982746467,
2020-08-09,-0.013390282869335857,
2020-08-10,0.010395622488145406,
2020-08-11,-0.030008601890952114,
2020-08-12,0.026517379737381663,
2020-08-13,0.009471876744642671,
2020-08-14,0.012510691540773555,
2020-08-15,-0.006178086733694799,
2020-08-16,-0.004238452004485027,
2020-08-17,0.01901249812939354,
2020-08-18,-0.021442528114088644,
2020-08-19,-0.02561183474059825,
2020-08-20,0.010221972467232332,
2020-08-21,-0.01908066965835087,
2020-08-22,0.01444146995805351,
2020-08-23,-0.00813479988232646,
2020-08-24,0.0011716551122014085,
2020-08-25,-0.03306024891489878,
2020-08-26,-0.0006051483257997203,
2020-08-27,-0.030275526129935337,
2020-08-28,0.02029348437643108,
2020-08-29,0.004283998386144461,
2020-08-30,0.005484431384236377,
2020-08-31,-0.0239393646912468,
2020-09-01,0.010866200812630344,
2020-09-02,-0.04115481706991797,
2020-09-03,-0.10249843238305811,
2020-09-04,0.03461814526870999,
2020-09-05,-0.04863743071902826,
2020-09-06,0.010514861314657287,
2020-09-07,0.00861139204319028,
2020-09-08,-0.019565974190834834,
2020-09-09,0.00834540712836862,
2020-09-10,0.009355870960044754,
2020-09-11,0.00035650896132377596,
2020-09-12,0.0046329648037393145,
2020-09-13,-0.01525366935389616,
2020-09-14,0.009726215145751116,
2020-09-15,0.010346053794595411,
2020-09-16,-0.002118578052570541,
2020-09-17,-0.004246316686904117,
2020-09-18,-0.0035536873208573683,
2020-09-19,-0.003566278017731017,
2020-09-20,-0.005726600333546106,
2020-09-21,-0.05327572520921442,
2020-09-22,0.00988591829645169,
2020-09-23,-0.0361445909872975,
2020-09-24,0.026562521032065467,
2020-09-25,0.026636251022620794,
2020-09-26,0.006671572966861161,
2020-09-27,-0.008836505993803256,
2020-09-28,-0.014858867612773219,
2020-09-29,0.01244344616401416,
2020-09-30,-0.02048415420516858,
2020-10-01,-0.005323234444345681,
2020-10-02,-0.012614597449507547,
2020-10-03,0.0061943044200591935,
2020-10-04,0.013851497229145027,
2020-10-05,-0.008728630719913255,
2020-10-06,-0.0003828512928027994,
2020-10-07,-0.006127966784850614,
2020-10-08,0.00038535939361739047,
2020-10-09,0.021956844714246637,
2020-10-10,0.0007538693066193591,
2020-10-11,0.0071563634501310425,
2020-10-12,-0.0003739744110947685,
2020-10-13,-0.01421625706592633,
2020-10-14,0.0007590190504944694,
2020-10-15,-0.016685666011733047,
2020-10-16,0.007327475902072944,
2020-10-17,-0.011868300938052467,
2020-10-18,0.0019371581004810068,
2020-10-19,0.0015468022474549592,
2020-10-20,0.004247136699908616,
2020-10-21,0.011149553181794891,
2020-10-22,0.009505687264712792,
2020-10-23,-0.003013205663213059,
2020-10-24,-0.0003777890640489501,
2020-10-25,0.0026455228979620493,
2020-10-26,0.009800213224780752,
2020-10-27,-0.0007465529287340456,
2020-10-28,-0.030631277219203557,
2020-10-29,-0.00539494178785227,
2020-10-30,0.006586554044356596,
2020-10-31,-0.008468027235270514,
2020-11-01,0.002329210230520351,
2020-11-02,-0.025174293838753137,
2020-11-03,0.004370222728358852,
2020-11-04,0.001977863220650189,
2020-11-05,0.0331622354389387,
2020-11-06,0.05464278288590618,
2020-11-07,-0.032246368559090466,
2020-11-08,0.014975603777522384,
2020-11-09,-0.015123514470025579,
2020-11-10,0.03108611655327298,
2020-11-11,0.005811801291351726,
2020-11-12,0.0036114396955997385,
2020-11-13,0.015113381570637463,
2020-11-14,-0.017015289487056995,
2020-11-15,0.0007212460444818714,
2020-11-16,0.04000005369787929,
2020-11-17,0.017324987358086963,
2020-11-18,-0.009196175994589662,
2020-11-19,0.0006875267126937867,
2020-11-20,0.025077243624351597,
2020-11-21,0.17526811026872124,
2020-11-22,-0.05075562076554607,
2020-11-23,0.09582460305836937,
2020-11-24,0.1524122256253988,
2020-11-25,-0.11346334927665769,
2020-11-26,-0.12798495040682267,
2020-11-27,0.007692294466425276,
2020-11-28,0.03969467407193705,
2020-11-29,0.012628446611421928,
2020-11-30,0.02987241515271033,
2020-12-01,-0.06082793946718046,
2020-12-02,0.011694172098916322,
2020-12-03,0.016004725620065052,
2020-12-04,-0.03792300396627135,
2020-12-05,0.03001820992626647,
2020-12-06,-0.002649416682819261,
2020-12-07,-0.01357729788489026,
2020-12-08,-0.04877321174121296,
2020-12-09,-0.006605827972943068,
2020-12-10,-0.016782827627102592,
2020-12-11,-0.008373580042341455,
2020-12-12,0.02728164205573358,
2020-12-13,0.02940246810779734,
2020-12-14,-0.007678190877358215,
2020-12-15,-0.0077375295983530545,
2020-12-16,0.0655021745263955,
2020-12-17,0.09192039481970893,
2020-12-18,0.034316365534872606,
2020-12-19,0.017884869412064575,
2020-12-20,0.1777438798800166,
2020-12-21,0.035026991238117366,
2020-12-22,-0.058282856699277574,
2020-12-23,-0.16415258113538722,
2020-12-24,0.21284495994268715,
2020-12-25,0.002625840635826382,
2020-12-26,-0.019205530210563815,
2020-12-27,0.012016008634317288,
2020-12-28,0.009674553147432041,
2020-12-29,-0.02308359644243707,
2020-12-30,0.03343730264411726,
2020-12-31,0.009922322151234564,
2021-01-01,0.21422478929372835,
2021-01-02,0.8671942249811504,
2021-01-03,-0.07951012167381177,
2021-01-04,-0.00040937781149386065,
2021-01-05,0.015665042724317457,
2021-01-06,0.05493948797349946,
2021-01-07,-0.06908740531479507,
2021-01-08,0.010675411526125167,
2021-01-09,0.035344287613901626,
2021-01-10,-0.03276439274368692,
2021-01-11,-0.10395534411992569,
2021-01-12,-0.0873797726856107,
2021-01-13,0.06858498564263926,
2021-01-14,0.09064526729043076,
2021-01-15,-0.0029796970292822467,
2021-01-16,-0.011100422897394324,
2021-01-17,-0.02137076208020372,
2021-01-18,0.011470151301145037,
2021-01-19,-0.007959858178182344,
2021-01-20,-0.004176722811148781,
2021-01-21,-0.09867547633397311,
2021-01-22,0.04384024681986309,
2021-01-23,0.006452391813232872,
2021-01-24,0.017251450910267696,
2021-01-25,-0.03941787804231234,
2021-01-26,-0.015269001457364761,
2021-01-27,-0.09364022338654154,
2021-01-28,3.5554663138379006,
2021-01-29,0.38369911143453406,
2021-01-30,-0.40256985946156354,
2021-01-31,0.32013056232698434,
2021-02-01,-0.062399114647624265,
2021-02-02,-0.09620071681524922,
2021-02-03,0.17766490022675585,
2021-02-04,0.4355873012559608,
2021-02-05,-0.11923662342969843,
2021-02-06,0.2271226217789355,
2021-02-07,0.3678617952542409,
2021-02-08,0.000545775695173667,
2021-02-09,-0.11106880792218166,
2021-02-10,0.04033117283858734,
2021-02-11,-0.044172611104569826,
2021-02-12,0.005640439216001658,
2021-02-13,-0.051649093168356974,
2021-02-14,-0.05888638430778781,
2021-02-15,-0.09507970025641044,
2021-02-16,-0.05426656031443822,
2021-02-17,-0.07742902911503613,
2021-02-18,0.20586921843822537,
2021-02-19,-0.07393219572274523,
2021-02-20,-0.013692682847402993,
2021-02-21,0.029346867239406826,
2021-02-22,-0.04028224630344135,
2021-02-23,-0.11787809962698559,
2021-02-24,0.19334486376931115,
2021-02-25,-0.11295194958398669,
2021-02-26,0.006239138871112493,
2021-02-27,-0.007864509835784683,
2021-02-28,-0.04055265179332457,
2021-03-01,0.05300506765674884,
2021-03-02,-0.006660229002384388,
2021-03-03,0.006565618421383146,
2021-03-04,-0.010752696089674996,
2021-03-05,-0.00877156679388491,
2021-03-06,0.027716687511240456,
2021-03-07,0.02232076150126039,
2021-03-08,0.1885384107215058,
2021-03-09,-0.06377824020097533,
2021-03-10,-0.034380539954472766,
2021-03-11,-0.0015355747469694148,
2021-03-12,-0.010175629201510938,
2021-03-13,0.1279697696147315,
2021-03-14,-0.0615069119435917,
2021-03-15,-0.0256690384196,
2021-03-16,0.02660807965418388,
2021-03-17,-0.016277955329443206,
2021-03-18,-0.004683153885773228,
2021-03-19,0.01646825891452086,
2021-03-20,0.01085244374462202,
2021-03-21,-0.02929054578936563,
2021-03-22,-0.039696660328105926,
2021-03-23,-0.025581360671015796,
2021-03-24,-0.03461794732160062,
2021-03-25,-0.004912797714475059,
2021-03-26,0.048670548215349996,
2021-03-27,0.007877367577574068,
2021-03-28,-0.012486919145848874,
2021-03-29,0.006592413847024359,
2021-03-30,-0.002812093864470455,
2021-03-31,-0.004508361548894113,
2021-04-01,0.15522672672453752,
2021-04-02,-0.06972542015140115,
2021-04-03,-0.03225583048895342,
2021-04-04,0.02867179820894461,
2021-04-05,0.039927526737316255,
2021-04-06,0.07977079879382365,
2021-04-07,-0.08424087367995448,
2021-04-08,0.041268565234359844,
2021-04-09,0.0035793430642379054,
2021-04-10,0.03503339408278916,
2021-04-11,0.16922229336907102,
2021-04-12,-0.052003354752501174,
2021-04-13,0.32046013838853016,
2021-04-14,0.3004119924962383,
2021-04-15,0.4994362876259921,
2021-04-16,1.0079908699138556,
2021-04-17,-0.22329512501873494,
2021-04-18,0.1277461221839269,
2021-04-19,0.27098207564391297,
2021-04-20,-0.215600581357404,
2021-04-21,-0.03935837418676735,
2021-04-22,-0.14973694722845443,
2021-04-23,-0.04773776896715265,
2021-04-24,0.08733281098211165,
2021-04-25,-0.07068891925605592,
2021-04-26,0.07790574452280219,
2021-04-27,0.005593509670224872,
2021-04-28,0.18918541912429876,
2021-04-29,-0.05719509664241651,
2021-04-30,0.1061445508747656,
2021-05-01,0.16419550745197098,
2021-05-02,-0.043108322660766474,
2021-05-03,0.17460891218187347,
2021-05-04,0.22554994940702278,
2021-05-05,0.2148378614275126,
2021-05-06,-0.11682658175727167,
2021-05-07,0.1790156968081973,
2021-05-08,-0.07058939551829058,
2021-05-09,-0.1042817841899103,
2021-05-10,-0.210686469149289,
2021-05-11,0.10060141926043786,
2021-05-12,-0.22182576541949472,
2021-05-13,0.27245596711115927,
2021-05-14,0.141177938475483,
2021-05-15,-0.09226522344073351,
2021-05-16,0.013628743037723323,
2021-05-17,-0.052443738818233054,
2021-05-18,-0.02413856651716806,
2021-05-19,-0.3003307884791516,
2021-05-20,0.2013400188749921,
2021-05-21,-0.10198050651602342,
2021-05-22,-0.04733408028072972,
2021-05-23,-0.10018372112133078,
2021-05-24,0.18856373039872598,
2021-05-25,-0.054238286073057584,
2021-05-26,0.021342659578981626,
2021-05-27,-0.058661095142824804,
2021-05-28,-0.06529604055933791,
2021-05-29,-0.026011780730062828,
2021-05-30,-0.0029230089146413674,
2021-05-31,0.0780413678987828,
2021-06-01,0.13586762393402574,
2021-06-02,0.14401592433524857,
2021-06-03,-0.05529627678977311,
2021-06-04,-0.05910541095579602,
2021-06-05,-0.011017156867597633,
2021-06-06,-0.0009941394219882271,
2021-06-07,-0.1096186985768337,
2021-06-08,-0.01015862613142815,
2021-06-09,0.047740722419866266,
2021-06-10,-0.04945671011209196,
2021-06-11,-0.021424732081265163,
2021-06-12,-0.02278005321059995,
2021-06-13,0.0394061155287424,
2021-06-14,0.023746712513094348,
2021-06-15,-0.011153804872042539,
2021-06-16,-0.06279287875688444,
2021-06-17,-0.0041103945037478384,
2021-06-18,-0.042493221949303495,
2021-06-19,-0.020840158394912045,
2021-06-20,-0.02246686317363278,
2021-06-21,-0.36386258890831624,
2021-06-22,0.0690577271874413,
2021-06-23,0.21537342842631912,
2021-06-24,0.13183222083042145,
2021-06-25,-0.08991867423661193,
2021-06-26,0.023545595735536162,
2021-06-27,0.08034028490350376,
2021-06-28,-0.028712442821128614,
2021-06-29,0.02301672028849855,
2021-06-30,-0.03255334966907919,
2021-07-01,-0.038022916656897277,
2021-07-02,0.002923698310796752,
2021-07-03,0.004676601584457485,
2021-07-04,0.0002922045368867199,
2021-07-05,-0.0603246658010298,
2021-07-06,0.012123639739999525,
2021-07-07,-0.043920801403832255,
2021-07-08,-0.07374866870808616,
2021-07-09,0.05909041740291254,
2021-07-10,-0.027034888863119555,
2021-07-11,0.009050128978077998,
2021-07-12,-0.0361722621611944,
2021-07-13,-0.03866897438128791,
2021-07-14,-0.01339482553013438,
2021-07-15,-0.06302319050120797,
2021-07-16,-0.06784111123934766,
2021-07-17,0.0799558909367617,
2021-07-18,-0.020910622892971742,
2021-07-19,-0.04761489682692188,
2021-07-20,-0.01587384583313367,
2021-07-21,0.11444897302547896,
2021-07-22,0.005011857973611367,
2021-07-23,0.01809173565583211,
2021-07-24,0.01311842928034812,
2021-07-25,0.00276199994351245,
2021-07-26,0.03312884627608037,
2021-07-27,0.007240022781203503,
2021-07-28,-0.0024623582826831525,
2021-07-29,-0.003763524019517628,
2021-07-30,0.020535694324153475,
2021-07-31,-0.002427902901010026,
2021-08-01,-0.01861132229009521,
2021-08-02,-0.004094162083481678,
2021-08-03,-0.03749017902983631,
2021-08-04,0.028183296589956663,
2021-08-05,-0.002560908283792851,
2021-08-06,0.018479978367536454,
2021-08-07,0.2718918137014128,
2021-08-08,-0.07795926642195139,
2021-08-09,0.07020353095045939,
2021-08-10,0.0016660029027730783,
2021-08-11,0.030848140587515394,
2021-08-12,-0.005059124799497217,
2021-08-13,0.08671921500670932,
2021-08-14,0.021983274589346236,
2021-08-15,0.16487843713015637,
2021-08-16,-0.06070154132122951,
2021-08-17,-0.0663299697716192,
2021-08-18,0.014350084985418343,
2021-08-19,0.044133268052030106,
2021-08-20,0.03262549091596956,
2021-08-21,-0.032654325223177794,
2021-08-22,-0.005789118530550863,
2021-08-23,0.009369341920564267,
2021-08-24,-0.09177014057001953,
2021-08-25,0.012076619298004854,
2021-08-26,-0.07979091685187778,
2021-08-27,0.09491682948045832,
2021-08-28,-0.029901517602250793,
2021-08-29,-0.015768689850366058,
2021-08-30,-0.032014239387511245,
2021-08-31,0.023253969992333756,
2021-09-01,0.05727357221171214,
2021-09-02,0.005278556633029119,
2021-09-03,0.0010744565133111728,
2021-09-04,0.010513946303853272,
2021-09-05,0.0505665356068421,
2021-09-06,-0.018319606017751955,
2021-09-07,-0.17819697514602184,
2021-09-08,0.01327717483987989,
2021-09-09,-0.017568223406656203,
2021-09-10,-0.049937438906334175,
2021-09-11,0.006042129115955142,
2021-09-12,0.03804384421968665,
2021-09-13,-0.05869910150784052,
2021-09-14,0.020359811877470824,
2021-09-15,0.029030857806764843,
2021-09-16,-0.02075918757667239,
2021-09-17,-0.010822301653850341,
2021-09-18,0.006068405104391328,
2021-09-19,-0.03415273897256277,
2021-09-20,-0.11182453928011149,
2021-09-21,-0.029188057252649946,
2021-09-22,0.11854623639080386,
2021-09-23,-0.00011563976457207303,
2021-09-24,-0.0684110518006763,
2021-09-25,-0.0038720778621599283,
2021-09-26,-0.017628422708758973,
2021-09-27,-0.022931104539975156,
2021-09-28,-0.0172673465356038,
2021-09-29,0.010528198321942295,
2021-09-30,0.026991740508373052,
2021-10-01,0.09188030306313388,
2021-10-02,-0.017384865963719798,
2021-10-03,0.011933345605162904,
2021-10-04,0.08615186782621032,
2021-10-05,0.0463521567125138,
2021-10-06,0.012372144923745276,
2021-10-07,-0.0478610483319698,
2021-10-08,0.0038201388553642524,
2021-10-09,0.011256822974324177,
2021-10-10,-0.06809113446872839,
2021-10-11,0.007388883067461327,
2021-10-12,-0.022725360733779065,
2021-10-13,0.02797888195386844,
2021-10-14,-0.0012856521641352314,
2021-10-15,0.00649664793957383,
2021-10-16,0.0150140443744613,
2021-10-17,0.002553817265419811,
2021-10-18,0.03944124248789471,
2021-10-19,-0.006037693735252536,
2021-10-20,0.03378927576879476,
2021-10-21,-0.04605395108061905,
2021-10-22,0.007549771510123371,
2021-10-23,0.03075903843668648,
2021-10-24,0.10056284316420583,
2021-10-25,-0.04454460258333848,
2021-10-26,-0.03390540945698273,
2021-10-27,-0.07055041276354046,
2021-10-28,0.2640287137456174,
2021-10-29,-0.04191749340959838,
2021-10-30,-0.0677707163581518,
2021-10-31,0.04434215103145611,
2021-11-01,-0.03038774795744703,
2021-11-02,0.005126414299077675,
2021-11-03,-0.013598351014030396,
2021-11-04,-0.02274254106756135,
2021-11-05,-0.006893767875818191,
2021-11-06,0.001656045437810727,
2021-11-07,0.01686535222140506,
2021-11-08,0.06024441002953318,
2021-11-09,-0.031282838504955834,
2021-11-10,-0.06513830340128202,
2021-11-11,0.021344565434018303,
2021-11-12,-0.0067121898004293135,
2021-11-13,0.008835326232246477,
2021-11-14,0.0046082650184549045,
2021-11-15,-0.024278091827089177,
2021-11-16,-0.07515719964194789,
2021-11-17,0.0010031711186206937,
2021-11-18,-0.0678100174287245,
2021-11-19,0.05297150213485291,
2021-11-20,-0.000368901389162124,
2021-11-21,-0.028735240417302133,
2021-11-22,-0.02939096158537169,
2021-11-23,0.031118542834190244,
2021-11-24,-0.020692044313245117,
2021-11-25,-0.024789835356026413,
2021-11-26,-0.07136915501076224,
2021-11-27,0.02220157139171608,
2021-11-28,0.010348312744492105,
2021-11-29,0.03712793242362933,
2021-11-30,-0.002137789427395176,
2021-12-01,-0.024348544826667262,
2021-12-02,0.0011408809017503518,
2021-12-03,-0.046408199695420205,
2021-12-04,-0.10570367124563096,
2021-12-05,-0.042481801059801816,
2021-12-06,0.04172133528946875,
2021-12-07,-0.008940529915042461,
2021-12-08,0.013268821896805116,
2021-12-09,-0.05396003533339655,
2021-12-10,-0.029867119212363735,
2021-12-11,0.027958504188895228,
2021-12-12,0.005159189549059473,
2021-12-13,-0.07255241381778321,
2021-12-14,0.14338214989056186,
2021-12-15,0.005134352544703402,
2021-12-16,-0.04212452931389332,
2021-12-17,-0.025620643314979596,
2021-12-18,0.020057980603009895,
2021-12-19,-0.016380473324500988,
2021-12-20,-0.013292029483518264,
2021-12-21,0.023027505459404463,
2021-12-22,0.011911788261184553,
2021-12-23,0.06509861543100404,
2021-12-24,0.011556174285678678,
2021-12-25,0.021621304392609675,
2021-12-26,-0.0033411294844966077,
2021-12-27,-0.012182926854132803,
2021-12-28,-0.07239016917885199,
2021-12-29,-0.03648117373742321,
2021-12-30,0.021148607556642274,
2021-12-31,-0.00476905344622558,
2022-01-01,0.01489180935190837,
2022-01-02,0.007905921557206153,
2022-01-03,-0.024741568834620198,
2022-01-04,-0.007554835062901222,
2022-01-05,-0.055585549591469996,
2022-01-06,0.004974251051199197,
2022-01-07,-0.0323943758910209,
2022-01-08,-0.01979705321818781,
2022-01-09,-0.005850378427569192,
2022-01-10,-0.05101116109894044,
2022-01-11,0.07003396856348743,
2022-01-12,0.0538008261358347,
2022-01-13,0.06428003991784137,
2022-01-14,0.06687866643685347,
2022-01-15,0.00846638980366965,
2022-01-16,-0.04282480865480198,
2022-01-17,-0.03403955229905942,
2022-01-18,-0.03307144311791366,
2022-01-19,-0.018908001523568085,
2022-01-20,-0.04405137998373099,
2022-01-21,-0.08095154520676939,
2022-01-22,-0.06833985764083605,
2022-01-23,0.06750598857553691,
2022-01-24,-0.028654454471592983,
2022-01-25,0.03810654312148398,
2022-01-26,0.005172994261580577,
2022-01-27,-0.017678606885568104,
2022-01-28,0.0028955812082507304,
2022-01-29,0.009883159434202815,
2022-01-30,-0.025060190664358717,
2022-01-31,0.01673465288565712,
2022-02-01,0.005824908904359827,
2022-02-02,-0.037831844446459595,
2022-02-03,0.0022297179545229806,
2022-02-04,0.07242936788072218,
2022-02-05,-0.00245424704248276,
2022-02-06,0.04505206104837067,
2022-02-07,0.07678996601523558,
2022-02-08,-0.04332089514964832,
2022-02-09,0.004532669575311621,
2022-02-10,-0.045461730622207264,
2022-02-11,-0.0463627446729149,
2022-02-12,-0.0030514834703253557,
2022-02-13,0.031460069162104976,
2022-02-14,-0.019772040684168046,
2022-02-15,0.03943756413874322,
2022-02-16,-0.017567073441348335,
2022-02-17,-0.07071332882119163,
2022-02-18,0.001559033721740155,
2022-02-19,0.017568847587930314,
2022-02-20,-0.030721048389360517,
2022-02-21,-0.061212256082053274,
2022-02-22,0.023838378590386622,
2022-02-23,-0.028178694780872426,
2022-02-24,-0.03154575970907736,
2022-02-25,0.030392528538503605,
2022-02-26,0.0005565626503829524,
2022-02-27,-0.0355354650725026,
2022-02-28,0.08159302779968058,
2022-03-01,0.005872796036861416,
2022-03-02,-0.00707787914392588,
2022-03-03,-0.025415448713294486,
2022-03-04,-0.054154815255956,
2022-03-05,0.019618102350903666,
2022-03-06,-0.03384108380448836,
2022-03-07,-0.030314817664180094,
2022-03-08,-0.0006490190243820804,
2022-03-09,0.038956181450155336,
2022-03-10,-0.038679805738800144,
2022-03-11,-0.010976579035786416,
2022-03-12,-0.004031106795520767,
2022-03-13,-0.03064201465940075,
2022-03-14,0.02186221525935106,
2022-03-15,-0.011083039469564238,
2022-03-16,0.03656547677401156,
2022-03-17,-0.0034727909265402923,
2022-03-18,0.024068223378509668,
2022-03-19,0.03573163770890875,
2022-03-20,-0.03572901059079958,
2022-03-21,0.0015525951130208604,
2022-03-22,0.02632841553836829,
2022-03-23,0.059160215490827284,
2022-03-24,0.05259497311687156,
2022-03-25,-0.04054916592233604,
2022-03-26,0.03705732874407963,
2022-03-27,0.0652397957566544,
2022-03-28,-0.014336854460093917,
2022-03-29,0.012708871078008777,
2022-03-30,-0.00872161925600845,
2022-03-31,-0.03759512874245885,
2022-04-01,0.025314546563616425,
2022-04-02,-0.01699743628109862,
2022-04-03,0.054278485531565446,
2022-04-04,0.014598566139759406,
2022-04-05,0.16364381740338452,
2022-04-06,-0.17055408359756186,
2022-04-07,0.01872159867804757,
2022-04-08,-0.02431864835973707,
2022-04-09,0.012304546971708241,
2022-04-10,0.0362570877146966,
2022-04-11,-0.09951516294168361,
2022-04-12,0.02541333309430205,
2022-04-13,0.014513727638438612,
2022-04-14,0.027412901928704603,
2022-04-15,0.014633101367237389,
2022-04-16,-0.015846502100740678,
2022-04-17,-0.02959391038213155,
2022-04-18,0.005930055075711094,
2022-04-19,0.016958215438124036,
2022-04-20,-0.012525790973676232,
2022-04-21,-0.03203488241106056,
2022-04-22,0.00022007802170187496,
2022-04-23,-0.015792422285524133,
2022-04-24,-0.017088698434779226,
2022-04-25,0.19713979278839644,
2022-04-26,-0.1278306230236097,
2022-04-27,0.014030889134224456,
2022-04-28,-0.016728660619163005,
2022-04-29,-0.017006001665170523,
2022-04-30,-0.05532235304296451,
2022-05-01,0.040891544069330044,
2022-05-02,-0.013820607626389592,
2022-05-03,-0.010829511442910666,
2022-05-04,0.04855624866255415,
2022-05-05,-0.05433373403607733,
2022-05-06,-0.004118907164589514,
2022-05-07,-0.0028850239377880005,
2022-05-08,-0.026071948353735608,
2022-05-09,-0.1560539965104214,
2022-05-10,0.034848864249160894,
2022-05-11,-0.22028627835392556,
2022-05-12,-0.02258191533499465,
2022-05-13,0.0684641211170165,
2022-05-14,0.016585346350656893,
2022-05-15,0.03393251779859563,
2022-05-16,-0.0538759701431093,
2022-05-17,0.027003383173227702,
2022-05-18,-0.07276111760442361,
2022-05-19,0.036748768323725756,
2022-05-20,-0.03166404404762846,
2022-05-21,0.005787315319164765,
2022-05-22,0.019440420054563923,
2022-05-23,-0.03312226887386038,
2022-05-24,0.0046123918239338035,
2022-05-25,-0.007795596623707546,
2022-05-26,-0.057034359131546974,
2022-05-27,0.03939832840861768,
2022-05-28,0.006196618562246403,
2022-05-29,0.01034955065186538,
2022-05-30,0.06270711638308657,
2022-05-31,-0.022828939770792367,
2022-06-01,-0.05600651822773972,
2022-06-02,0.021170583883743932,
2022-06-03,-0.028149677707397402,
2022-06-04,0.016595839744989682,
2022-06-05,-0.006701122083309086,
2022-06-06,0.016016422848165623,
2022-06-07,-0.024439583717199675,
2022-06-08,-0.013339475445370952,
2022-06-09,-0.0012965524123621508,
2022-06-10,-0.04893120008474594,
2022-06-11,-0.07367399526663865,
2022-06-12,-0.0795335496252697,
2022-06-13,-0.16188451878348564,
2022-06-14,0.030989806213879145,
2022-06-15,0.13325659203219975,
2022-06-16,-0.1265238063194405,
2022-06-17,0.035726608959611106,
2022-06-18,-0.0698833600804315,
2022-06-19,0.13928926305137623,
2022-06-20,-0.0036261070827885433,
2022-06-21,0.08963564868351659,
2022-06-22,-0.058867549519128426,
2022-06-23,0.03761087856510725,
2022-06-24,0.048288328331915764,
2022-06-25,0.02054403977431596,
2022-06-26,0.06823062550486347,
2022-06-27,-0.01281831333652561,
2022-06-28,-0.08696126159966522,
2022-06-29,0.05323159899143737,
2022-06-30,-0.04868424877011468,
2022-07-01,0.00134668739140964,
2022-07-02,0.007903301313756605,
2022-07-03,0.007211641037911498,
2022-07-04,0.034132661565933864,
2022-07-05,-0.03335151507221823,
2022-07-06,0.021264136742305206,
2022-07-07,0.029715849575678854,
2022-07-08,-0.019314370597314556,
2022-07-09,0.0036819899312754423,
2022-07-10,-0.03235416023785431,
2022-07-11,-0.08051972737363677,
2022-07-12,-0.028457357482817636,
2022-07-13,0.031054997987846056,
2022-07-14,0.007118297102255422,
2022-07-15,0.010385603425494994,
2022-07-16,0.019637755375794486,
2022-07-17,-0.018248357928284387,
2022-07-18,0.07301880809125971,
2022-07-19,0.01916861793070912,
2022-07-20,0.016040453566363855,
2022-07-21,-0.0022818200200247496,
2022-07-22,-0.03426244788001365,
2022-07-23,0.008303455875022792,
2022-07-24,-0.005871744896263964,
2022-07-25,-0.08000111334060378,
2022-07-26,0.003306280246383686,
2022-07-27,0.07213006001392808,
2022-07-28,0.031139561682930195,
2022-07-29,-0.0028796232318644144,
2022-07-30,0.010666238215104151,
2022-07-31,-0.01970011315374587,
2022-08-01,0.006635154774261132,
2022-08-02,-0.029552543426126676,
2022-08-03,-0.007481860337192003,
2022-08-04,0.017554194965345937,
2022-08-05,0.03574977678235647,
2022-08-06,-0.015638262652583945,
2022-08-07,0.0038733820042988754,
2022-08-08,0.016173509694725086,
2022-08-09,-0.013275338168934336,
2022-08-10,0.02994578456099517,
2022-08-11,-0.0037222031700470115,
2022-08-12,0.01994934277220639,
2022-08-13,0.006842134207869721,
2022-08-14,0.12145807171317013,
2022-08-15,-0.06080531609169193,
2022-08-16,0.13352446649491734,
2022-08-17,-0.07830820648537407,
2022-08-18,-0.06331561890923365,
2022-08-19,-0.09509986818409932,
2022-08-20,0.023565303426462236,
2022-08-21,-0.0013229762336769424,
2022-08-22,-0.015220005507902257,
2022-08-23,0.00554160808821158,
2022-08-24,-0.011342173851289328,
2022-08-25,0.016237751443406223,
2022-08-26,-0.07992018236636311,
2022-08-27,0.00023603897995072565,
2022-08-28,-0.028323441915715564,
2022-08-29,0.034004473652461176,
2022-08-30,-0.03697155421581089,
2022-08-31,-0.003169388061184497,
2022-09-01,0.016990008046456673,
2022-09-02,-0.011816203878239118,
2022-09-03,0.017181787461229225,
2022-09-04,0.008485680799881434,
2022-09-05,-0.007718314174439245,
2022-09-06,-0.059852073830789276,
2022-09-07,0.03595947459279847,
2022-09-08,-0.00207840521677205,
2022-09-09,0.049871309876616365,
2022-09-10,0.011840414806145505,
2022-09-11,-0.01639504914143952,
2022-09-12,0.002997819809933855,
2022-09-13,-0.059087691251580976,
2022-09-14,0.017362631589251443,
2022-09-15,-0.0389387322405782,
2022-09-16,0.02775937201253953,
2022-09-17,0.029574820113545952,
2022-09-18,-0.07538985003625887,
2022-09-19,0.018984732721099906,
2022-09-20,-0.00332696922160991,
2022-09-21,-0.01734083514303819,
2022-09-22,0.03823776455586558,
2022-09-23,0.06270237463109796,
2022-09-24,-0.0016104340125545624,
2022-09-25,-0.03292534667809732,
2022-09-26,-0.0010301933584784262,
2022-09-27,-0.007857387043925024,
2022-09-28,0.0002309828665170155,
2022-09-29,0.0017319714431491828,
2022-09-30,0.015231866323369925,
2022-10-01,-0.016641539552229245,
2022-10-02,-0.022085865218309242,
2022-10-03,0.018486081150733247,
2022-10-04,0.09237546290821008,
2022-10-05,-0.01860160144217904,
2022-10-06,-0.01994283303898159,
2022-10-07,-0.01631367501594183,
2022-10-08,-0.0117130354660967,
2022-10-09,0.007749918129138056,
2022-10-10,-0.04252204721474073,
2022-10-11,0.012518310184302717,
2022-10-12,-0.006256420249435846,
2022-10-13,-0.0034569095389227478,
2022-10-14,-0.017277209387052572,
2022-10-15,-0.001074269495472624,
2022-10-16,0.0057015765202164115,
2022-10-17,0.017330371682987344,
2022-10-18,-0.00265285919372249,
2022-10-19,-0.017783063415563127,
2022-10-20,0.014017314386315594,
2022-10-21,-0.0033929075692361588,
2022-10-22,0.006067362497048423,
2022-10-23,0.01093910092033279,
2022-10-24,-0.013936056640563077,
2022-10-25,0.05673376938833763,
2022-10-26,0.15772406215776313,
2022-10-27,0.057939519505117776,
2022-10-28,0.0893168069708754,
2022-10-29,0.4494319728359353,
2022-10-30,-0.03125741746449018,
2022-10-31,0.07830091953655138,
2022-11-01,0.12240791941318796,
2022-11-02,-0.10341923523360985,
2022-11-03,-0.04097627028233053,
2022-11-04,0.03008346896381564,
2022-11-05,-0.014982523467146791,
2022-11-06,-0.07864103635353537,
2022-11-07,-0.028855380945598252,
2022-11-08,-0.2056532674838012,
2022-11-09,-0.1597330027357562,
2022-11-10,0.20866087834566782,
2022-11-11,-0.054616955084258345,
2022-11-12,0.03715617701705032,
2022-11-13,-0.035734164269220825,
2022-11-14,0.011614560670014207,
2022-11-15,0.012715586123227096,
2022-11-16,-0.015959325112117173,
2022-11-17,-0.00955796397172537,
2022-11-18,-0.0010972169557331712,-0.0010972169557331712
2022-11-19,,0.007589688058942556
2022-11-20,,0.007536459248512983
2022-11-21,,0.007894462905824184
2022-11-22,,0.007576034404337406
2022-11-23,,0.007571728900074959
2022-11-24,,0.007363000884652138
2022-11-25,,0.008078125305473804
